transaction_date,transaction_id,transaction_amount
2022-09-17,WeKuSlJdWG0OfbkteXN5,1000
2022-09-16,bypPVdMn7iydzNwsYBZl,2000
2022-09-15,k7ZEkPT3nV078GbXdjX9,2000
2022-09-22,KSKjgWG5f3vFj7mCh6Sf,1500
2022-09-16,6NkQBzah4sUEWaO31gQv,1000
2022-09-15,pzgvFUFcLFMiTXpWI70b,2000
2022-09-26,MoHQX5IyC3DGmS1UIewQ,1500
2022-09-19,LK4sKorc05JtmAwQrBhg,1500
2022-09-20,uUQkKZt3GJoTy7thszIX,1500
2022-09-20,BoRL9I3yyEvTrvJdppxw,1500
2022-09-06,HXYbcGhQI8uQwafwC1sO,1000
2022-09-16,SBOQBb28iVosBGrJBAHx,2000
2022-09-15,OAEkwGPRztGR1LX1QlCB,1500
2022-09-15,rJ5e5FJxksd5TRpTZHE5,1500
2022-09-17,inW0PJI2J7svclG0dQrb,2000
2022-09-16,46ECRZsv0RPl61xXfY9V,2000
2022-09-16,xGibyytPhUvyrHjmNIVd,1000
2022-09-16,sfSaT8bgCKayPRQHJU9l,2000
2022-09-16,Raa0bBGtFilXz9pe8934,2000
2022-09-16,in8k1HTbw6Yqn3hWBVbf,1500
2022-09-19,sNLeNBrVossYXbN5F2j4,1000
2022-09-20,HUasMDDQvG1rsP9nkl8P,1000
2022-09-17,Gr5kpDXImgisLbhmNjp9,2000
2022-09-17,gAFAlJMxUrrcOTfkdddV,2000
2022-09-16,OCIDNwPij3w2KV9p1EdZ,1500
2022-09-15,IQShoI9MQAVUclgrklqc,2000
2022-09-17,GIVZQh2g3M8PeLPAURcG,1500
2022-09-13,Y4PbCSkew19yMnRF8klI,2000
2022-09-17,eKUVm1ztzyjX5KlS7cbA,3000
2022-09-15,8X6QGp9F5KNZmHeDvaeX,2000
2022-09-15,Kcpbbajfp2cCkspQnACW,1000
2022-09-17,yqbS6xdnRUkcvmtoWRzQ,1500
2022-09-18,5Asfgl5lPNrKFb0F7b8r,1500
2022-09-03,5cQVhegf4GEMHmNt6MNY,1000
2022-09-17,9GLgBgzYZjw5YEZmUnl4,1500
2022-09-15,VAaOiiVhH4v8dqrOvQx5,3000
2022-09-17,sXTW0hNGgZq3ZkztwhfP,1500
2022-09-16,XMZRT2ZlNBY9OPHUiqou,2000
2022-09-07,u7ptItV9J0lMYtq9xUrZ,1000
2022-09-13,wc3rbIghMND1aLTK7AmJ,2000
2022-09-16,znsMYWSAEeiPV92LlSjy,1000
2022-09-16,ZhFn4YGmv3oXoAXOpgJj,2000
2022-09-17,oyocBBhnANhRIEYY9mYC,1500
2022-09-13,6V7y60rm5HQ1jrwRF22s,3500
2022-09-06,rb5fwehqGZFwlJo2meRw,2000
2022-09-19,HRGPbOpTXfcX86lDpAHd,1500
2022-09-14,vMFVIQgLwr29XeiI2Fro,2000
2022-09-18,uC9ufPRjauuMbaY6xyz6,2000
2022-09-15,yu8xCJHQFqOnYAx7Q1VW,1000
2022-09-22,bOxgqaVozIDCZmvuDT2K,1500
2022-09-16,UAcRww2ytCRolhWTNja1,2000
2022-09-13,xl9LKB43wTSrLHi5a0cb,2000
2022-09-23,b3DxIGuWlYbf7l5oKCwT,1500
2022-09-16,tXCPvOzD70JmcDscvykX,2000
2022-09-16,i3GRqI82C3epRUieI5EV,1100
2022-09-17,isAi690RLeHMfkrVtXpb,3000
2022-09-17,sYv1AkSMY2vQSJIQsk3S,1000
2022-09-16,AwRiROBT5A4gjLblCDsa,2000
2022-09-10,rOXxeBIt97dRgZEl3RAR,1000
2022-09-09,HCZ9hy6kEfqNFkaeSLNO,1000
2022-09-17,1hyM0ccopSLBDOy8td6i,1500
2022-09-29,g4u7434ahwdn7ad2odIq,1500
2022-09-20,Kpro4aWSva2CTZNWKgIf,1000
2022-09-19,aIqhGf8084fsbgnRgDyK,1500
2022-09-16,Tl5vbj24Y7y2ngFGqJRD,1500
2022-09-17,tG2n3Z4huCZCNmt84XNW,1000
2022-09-26,5iDjkzp3gC9eJ7JNIvmb,2000
2022-09-16,KwIx4IAuQ4imWpDdD2I9,1500
2022-09-16,NTaSqEZTrsZSjpMdK5bE,1500
2022-09-17,zs3ol1vDG49mRg7BaR3H,1500
2022-09-13,g6XGq47L8rGvUrvbkRGA,2000
2022-09-17,gEfkjJOb8E31SqY5SjpI,1000
2022-09-09,3EJe7bw72LyR6PYpO19H,1100
2022-09-17,0fpcnSEcQrMoZil2cEfs,850
2022-09-16,9P5I6DPc6UZ18gaYUNWy,2000
2022-09-13,opIvBNu6cGMkN4Dh9TRF,3500
2022-09-27,sErjShOTUmaHNEUadxdN,1500
2022-09-16,6gb1Kl8VyllRNdO48tXL,800
2022-09-17,kN5b0LnR1qmFtQoAkUzz,1500
2022-09-16,R4cNmFWO39HwIoJWbzxv,1500
2022-09-27,iqOqr1NUnqQwurbr0BHx,1500
2022-10-28,nl4rXKEeQo8UbiaiECLl,1500
2022-10-11,0heQHv2vB21w2TKfens7,2000
2022-10-12,vocUHZaTr1wd7N1BIGIy,2000
2022-10-12,eyFIxhzqT61f2N5xO3Wd,2000
2022-10-20,PhtGR2JYSUbyyWSIWFfU,1500
2022-10-09,dC7GvOTk206njXB3Ixlh,1500
2022-10-18,hCSZ84plguXW6Aydrtzw,800
2022-10-20,TXOnaaXetZIuwLkEC0pL,800
2022-10-16,NiYDRZY5tN2NL1Jz13yp,1500
2022-10-25,7gOkK9azHbgWS1YBAlRL,1000
2022-10-18,WO6zgaAWGr2dkBHn0o1i,2500
2022-10-12,1Fx8S5Q443PTDU8Xe20z,3000
2022-10-21,XU7BP9L8CiRmxQyNwm6N,2500
2022-10-14,XXdgsieoG07VZ3Blii8s,850
2022-10-18,Dg3FIvmecF5h1bS357Z0,1500
2022-10-26,R0gxnRyf47ioIXkLhBob,1500
2022-10-22,QYSLE0gHzGtnwHslnPoc,1500
2022-10-19,lDjfebWumFs4M3v1pciA,1500
2022-10-20,K1uytbYPGymh83N1TrZD,1500
2022-10-16,kQYPU9UkipiY6Yjvres5,1500
2022-10-20,c9sdUXVsXNaNbBFclJin,800
2022-10-17,IMlZNP0XcDJpT9baBoWM,4000
2022-10-20,kJgs26apdG9ssNo8hcy3,2000
2022-10-25,C8DS4fThPjw0Gs9EKJZl,2000
2022-10-18,Wg0uaAQQwjB2GZjssPUr,2300
2022-10-26,EmK2crbSNKWIoYi6jEO5,800
2022-10-13,nFSyHyHs5hDfUrBXVxIF,500
2022-10-11,PFVQ4NNl7ePnbdral1io,600
2022-10-19,gYq7sI9c4LhkIStjMPzl,2000
2022-10-28,QnvtLVIlcMQzakpBGERQ,800
2022-10-18,KoOJOuOgvg61tzPOT2OB,1500
2022-10-17,YRTyay2OX0AsXYVEiqKM,1500
2022-10-12,yKqyav5diC3lSbtqB8b0,2000
2022-10-09,wbQ1ESBHjpoJggfQACDd,1000
2022-10-18,HoEFG4NV9xnY8YgJg4Rs,1500
2022-10-18,9sw1IsrmKVp9wcl3Trbe,1000
2022-10-22,501XDravzV8NOa6zCadm,1500
2022-10-26,ARyAc24nNwxpA78SnBs8,1500
2022-10-19,BsgtS64nktxEMwIJySv5,2000
2022-10-12,uu2z8fiXnAVJyXgRfvvj,2000
2022-10-13,XfPN52udzwwgRcPc71WT,1500
2022-10-17,pymBWW85MBUHTSLcQyvK,2000
2022-10-26,Jldk6qgJcjDK1Gge2LH2,2000
2022-10-12,GiKdK5hT4CVaYczRvaeP,3500
2022-10-13,kjNziIYcbYV57zDKfpzR,4000
2022-10-12,Zdqa4UZaPVwvY7J46wYt,1500
2022-10-12,il8rimEXKpTSoJB8wzaj,2000
2022-10-17,zPzTA4DlL26rYH7PlnXi,2000
2022-10-11,KR918JMMbaDjQurj294t,1500
2022-10-17,pva9IKYRf9gIYCp0mBCU,4000
2022-10-14,5PeCMqlhYoRpX9jolUhz,2300
2022-10-25,n6wwMMXan2hRxqIRWyhj,1500
2022-10-19,8J5BFIQDjKlNYcvUT49T,1500
2022-10-19,5pLzXSC7qkvgieBgvHoE,1500
2022-10-18,dz5cTmuRclp4sOsQcxzZ,2300
2022-10-01,otQNaRcaeJVht1074PaQ,1000
2022-10-20,Y7Tdoj4V9nwdKospT7DP,2000
2022-10-18,AGrP28C61kmm59SX2rd8,2000
2022-10-09,04SlsKaODMqm7XFakkyf,2000
2022-10-12,i4XZjxgSm0gLZSNxmhEl,2000
2022-10-17,vc5cqPoX3XwTQRR5DGhl,1000
2022-10-14,ObyxjxLubBSs3qU5WqmG,2000
2022-10-14,BIyrTo136jsQgwjdHDno,2300
2022-10-18,iOWubgfKOQc0idwha2uv,1500
2022-10-19,pH37hSYkOA4R7u4VH5Dg,1500
2022-10-12,IGcAv9uzFmncT1cej5bn,2000
2022-10-12,zMNafNcR9EdHqSnODmwh,2300
2022-10-19,GZPNWXR6J8LLqRQAM1I8,850
2022-10-18,Yx7KU6t2oaGERaJArl0y,1500
2022-10-14,ALC0r1EukdBv9WUkBtUW,1500
2022-10-26,mYzFjUcLYDIJTzfDvwMB,1500
2022-10-19,f0bwi33KGtUBenEQ1x9H,1000
2022-10-17,kxHm02TDGJjmGs2UEeYK,1500
2022-10-13,ZMnfLINyR4UfW13esCtg,2300
2022-10-12,uRAuoGts2Q9gGrbaVjqi,4000
2022-10-18,xP7nOaPu2yrPoMCL4tfC,1500
2022-10-19,HZT7zDT7QMlJt6drm0k2,1500
2022-10-23,7ZYLIyecZWlejlC9Wy4Z,1100
2022-10-18,6qhBSJGokv88ZpV8dBcW,1500
2022-10-22,XfuoVYJhit7e46CxZe82,1500
2022-10-05,cxVJr4kButTecR8HmytO,1000
2022-10-17,Cx1ZPmOrhl5HNpfFtIbk,2000
2022-10-31,tw5iYVHaLLjrkIbXtxv0,1500
2022-10-17,XLesOzjNdFDAlz1gVuAa,2000
2022-10-26,KTv6L1C4PfnKmnCMzcXA,800
2022-10-16,DefEEH8UtBFZFDT7hR91,2300
2022-10-21,jLR3AU7qtpbsNAurYc5s,1000
2022-10-12,eRUcooSaBmxW1qy6eZOq,1500
2022-10-17,Rv6y6gvlcIkhvG7gVSp8,1500
2022-10-13,LtjAvG6Ty454eHy2SBn0,2000
2022-10-27,AftiHYPfYlSNfwOwrqlt,1500
2022-10-18,HSKxLjEbs0Jb10iDAR3E,800
2022-10-14,jeEFeXQ7KAcd5RIRgXQW,2300
2022-10-20,U6dfcJPtdy3MdyaSqcbl,1000
2022-12-16,8TQqeOm5bvUEMCVMPnGI,3300
2022-12-15,ATJsL19XXE25BdtU3eNv,1000
2022-12-17,xg8Jx4dODLAQ0FknqHyc,1500
2022-12-20,Dfsl13UN0DWoVZHL5UeW,2200
2022-12-15,ir6ipBAZGL4gdafx7olm,1400
2022-12-12,hEV1icz0KxRkFhRjgjuw,2100
2022-12-11,y3IxY8E8VZfrHd6bK2CN,1500
2022-12-15,XNWIqAVxsqDvpidD4Kle,1400
2022-12-20,ozu7BomyeqjzkUfyc3u2,1500
2022-12-16,XpP6Fm93RZx6uVqIgffh,1400
2022-12-19,i02EL1JxOXVD1hEaMKuz,1400
2022-12-12,iXp7Q2cFauMy4zDZxq1n,800
2022-12-13,kkaTzXeNlmP5O2LsTu99,2200
2022-12-11,uUdVXHTaXp2JxXHy7GOg,1400
2022-12-11,bbSQxsXsTkTGuvzi8w1L,2100
2022-12-16,9HpYWlXNrbw04o8l4BRW,1000
2022-12-12,85Wlvq93QJ5xaswqhRaj,2100
2022-12-14,5NCOKtRWybHoKmboSWnQ,800
2022-12-16,xifSgzmurAUCTYL7HpHI,1000
2022-12-21,dN2VhKK8Z5iqcA3vqeh8,2300
2022-12-11,1RCtVoSL6LjUdSAqakCV,1500
2022-12-14,go5XySaGLDdO9rEpgeSE,1500
2022-12-19,BnJDGu368v6nHJccprp7,1400
2022-12-17,Qmc4ufTBRrfKvOUG0L8S,1000
2022-12-15,LvjsabW08z87mYDOjCFQ,1500
2022-12-11,ujDf3zRidKgC44zhnXCw,1500
2022-12-12,k8ITa5mDcizjfO4CCqP9,800
2022-12-08,b5eb14rc0jFlbsWHMrkb,1400
2022-12-10,Ysym4UrD676BPwwbwA6L,4000
2022-12-19,zjcAa2JtqDf1toqYDGwV,2100
2022-12-14,YvnrGCv7u0nB0fUiuZVQ,800
2022-12-15,V54Z2UIkIYpw5UaWFl4K,600
2022-12-14,yXVNckz98AuecC8znRln,2100
2022-12-09,eMuV49tdmZYtofJaGmMC,1400
2022-12-12,5gzNYAC2liYxaMpXH7kw,2100
2022-12-13,C941CCH3yFghBI0094t9,2000
2022-12-12,TidMqUvBsIMETBSFr7VA,3300
2022-12-14,kaspQ05qub0oC3zSXU8Z,300
2022-12-13,jRhdL85ghM1lp2s1Pc6h,1500
2022-12-11,y0F0ZReOUFSRVvT7GWkm,600
2022-12-11,HpbmDYIvfczuqLJpChrz,3300
2022-12-15,rIxyni4YrmvUmqE6LaHc,4000
2022-12-12,vfqaZ2wMzGsGYkfU6wZI,300
2022-12-15,NHK7I8epd0ymaLjMZFVy,1400
2022-12-20,JeboXn356QyXUOXPTOGn,300
2022-12-21,xy19xkHeM2KCHRjbP6xE,3300
2022-12-12,VF6ksQErp25co6RQHEXG,1400
2022-12-14,XSSGfYUYQr4sHwtYkca3,4000
2022-12-15,dYuGzpvjgG8RgcP2Egmc,2200
2022-12-14,LBjOzEb5hvTegLAZgYVV,2200
2022-12-12,B2YEY9qiOxmRZ22opwiM,600
2022-12-12,qbgElaViZJNyBsSp1Oqn,3300
2022-12-07,UExeMlZ1vFqGxgY2Rrb1,1500
2022-12-17,14Lk6fRGNeQhPMdFMyCC,800
2022-12-16,VZlohOVn22WPLzcwWme4,3300
2022-12-12,f752IKELTiQgD3Y8lc9P,800
2022-12-15,DoviWsPWSjrW3J5jOULz,1500
2022-12-15,8HqVgEbcnOuELzpr4Fyy,2600
2022-12-16,cQzOBjICIsb7m3HncwXz,1500
2022-12-28,TyymNOtUaO6RFyucRXUH,1400
2022-12-14,QJTJYgAznewNIoYR2vpJ,1400
2022-12-08,4HAwyPlJqiJFf63oKLTW,1500
2022-12-17,FAMV99csWnv3gMLBnxpo,1000
2022-12-13,nh8LoPRhjxZeyAjDFwGJ,2100
2022-12-11,gtN5q1p1uLe6JoqXZC2o,1500
2022-12-20,jhuVHSQSyce3OY87aA3E,800
2022-12-13,QFjqkC38OqMpwlB7bUww,800
2022-12-15,5nNSWDJFulCaIKaaY0UZ,1500
2022-12-18,W2lWnjhFNxQfOu7owHJA,1000
2022-12-16,Di5GXhLkZZA0iT6m4BBa,2000
2022-12-13,JpW6nl0J6HB3nZorIDbs,2200
2022-12-21,8HeXMoEzvowH0qzWMnzt,3300
2022-12-14,KBvYrotYaaVNHSIU4Q5H,2200
2022-12-06,0UpYOJesZ1rk7G953OU1,1000
2022-12-01,kHnGryOUnIIr1LWaGFH1,800
2022-12-14,u1FpTjsluZa8mPjW1WGe,2100
2022-12-12,4LUcP1mSNmUwlPSjZPrj,1500
2022-12-16,eLIFzQec5jfZeeprLN17,2300
2022-12-21,fFd7tXDjWIc97e09vrCW,300
2022-12-08,NIB6SUmWirbmTXCB1ZsS,1500
2022-12-21,dcARIm6fyYbBDw10fCSx,1400
2022-12-19,WjWi00VEo0bD715XxQ9o,3300
2022-12-20,wi6gAyr6PsxuhduPLA4z,1150
2022-12-21,MD9kV6yzAII1KL6RH55S,2200
2022-12-12,mmKHV4jVC7FKMRggVusB,2100
2022-12-18,kzbfYCm3QaBKgnBlOJzi,2100
2022-12-18,mVDVSxs2Yslgmz0Jtnl1,3300
2022-12-17,su5bwj2AlVpiWW9ILH8x,2100
2022-12-12,LU3zPTXqoMPTDD6oKT6C,1500
2022-12-15,B8R8Zliyw8c0QnDG7NJ3,1500
2022-12-11,7H47whr017nq6NxvMTSe,4000
2022-12-15,2IqvdADOuFDr36chQyig,1000
2022-12-07,QoFSejitr8BJ8q4Zjb1x,1500
2022-12-15,4xI50CiO3KeLu2HBbT2D,1000
2022-12-18,L2sPVwOVtW9GPcGsoemX,1000
2022-12-02,79Only9QEHe7AkBSxzft,1400
2022-12-14,g3xJITXSzry53fJqC1Br,1500
2022-12-23,TI3DgSykHiqP8WT0xzrK,800
2022-12-27,Jpp0h9xGZoI1k50LLpQv,1000
2022-12-15,WsSpuPfr0C1erICLPkl9,1500
2022-12-16,cGC4QXhjE35TL0Z6Ctbs,1000
2022-12-12,vJh0CC57JlC83DTN25EO,1400
2022-12-13,1MYXFgxSQrMRL36orLmY,2100
2022-12-12,4iM6v4aJR5amuOjdpcHQ,2200
2022-12-22,1wkmqi8pvV8YRk5BQwpG,3300
2022-12-14,mXeNfrFmulEiPlPKioWX,3300
2022-12-19,8CQTC2uL3fGNkqEDp27h,1000
2022-12-11,6HkhPDfXpDycXJnTT8Bh,4000
2022-12-15,CWfeD03myArRSVav7szT,2100
2022-12-13,qYYUmRxLRGaITvoJfZcv,2200
2022-12-09,nt0vo7KDHioxoTJjUYeN,300
2022-12-15,oEpBKgGSmulrSe69USUK,800
2022-12-11,OONGoNK0YDkVe5MRVJlp,800
2022-12-15,Ktq7g09Cn3sT9q76c55I,1000
2022-12-13,dkyDenZMTrUzchLggUEr,1500
2022-12-17,dNt0zxCvKSPy3GKNGed5,1000
2022-12-15,IOC6iWtHRg2RMr1IyLmb,1000
2022-12-12,RNEwxPbNjT2F4Ge8IMTN,3300
2022-12-16,LEaDCoI9yNLfZeDDLsmp,2100
2022-12-11,J5n1CJtT9YOnl5seqahC,3300
2022-12-22,d8bVTzpKsLKEOA9u3eq8,1400
2022-12-16,OBRE67n6xWo2qdGmFbRX,1000
2022-12-11,2mWpkmkDKyaeTjQcLyA4,2100
2022-12-12,sgBmXtOVrPE9eG5i0QbW,2300
2022-12-15,9o8ptWDAkcDyCPVyNj63,2200
2022-12-15,jRWJok5y0gPruxV91xIy,1500
2022-12-15,ZCfZOIBOrMRdcOlqHSVE,2200
2022-12-12,CyFN8eJdn6zzWwCqrMPs,800
2022-12-12,5KD0AQetpzsAU6uKnHTo,3300
2022-12-17,slpfDy2aJbA7sW8UlK6u,1400
2022-12-16,33ij7mSGjCHeayVLh5bi,1400
2022-12-07,7AAwPphvrOazvCjCPxJE,2100
2022-12-15,f3iZsWYrZRVNSJ5TRe0I,2200
2022-12-14,4hxHBwKy0BFDwTjrDeU3,2000
2022-12-08,vky7ryulrZK1vZcysxt8,1400
2022-12-09,QOLBzlfSmCYCxK7FAHy1,2100
2022-12-23,kx2Nco6hr0f9GCqS8oQ9,1000
2022-12-12,a3g15vjsxzHi3rnD050a,1500
2022-12-12,lGY76iQSwQJrmWLNReKt,800
2022-12-20,LmATfZXwBpRGYwP5EtZN,1400
2022-12-12,2XLyhxpl9StLBEi4OGpF,2100
2022-12-12,27LQju1ZItS8WF3m4Bzg,3300
2022-12-15,ZosMJgeYkSBJzym2HYn3,2200
2022-12-21,9crttyk8JN4RDrQAtUHl,2200
2022-12-21,L8a45KZIqShUkRwauce9,1500
2022-12-12,CHEhoqypaEdpaD1F1qwB,2200
2022-12-17,USdqCfqUcNBTiLsPssYl,1000
2022-12-13,l7Ljyjn1WT9N7VjbK3f2,4000
2022-12-22,Wt2QVOcRC4XZztIDAZSb,1500
2022-12-15,Xl2wyDTKUc6rlouH1pke,600
2022-12-12,nO8DPExnYVGqBynyJtpe,1200
2022-12-17,YKC2JefipSGL6tezXNdD,2100
2022-12-18,vg1ocBR232rviiJ84dUt,1500
2022-12-12,2vqB9w19jf3Lo0NGaSXE,3300
2022-12-13,cGGpWQFSC3CYcqofOYPI,3300
2022-12-15,SGRs6eaVwydesujdsGvb,1500
2022-12-14,0258qBmXq3XpZX9iUEcB,2100
2022-12-15,4YfotzTlOzDmUAgemqed,1000
2022-12-13,TDa2rbAYXXFk4l4ERPvO,3300
2022-12-20,EuxPFHncp2i8Mdn0pilP,3300
2022-12-12,m2F4KPizAOgLDsLByGzA,3300
2022-12-15,i3iZKkpTT7voP8uSIaMc,300
2022-12-22,mTucSqlg2LJfeaXWmrXT,1000
2022-12-15,eN57r37cTSOkhjq8ltYr,600
2022-11-17,02FDevpAtsY1TWtKd3DC,800
2022-11-10,zBC4Yb3GkFvp7aS8nu24,1500
2022-11-15,FOrhpZ1AfjrpqUxbEleP,2100
2022-11-13,gQOUSW20Ri7RONAUcoBB,4000
2022-11-16,wNVk2roxHmnoXj8Y9E1g,800
2022-11-15,EMPq8C5RmtyI2bldjpsZ,2200
2022-11-22,XfKRCZ8QYfrAMlkd0gOk,800
2022-11-14,z0czFcxPFmc9duX3j4Ab,1500
2022-11-14,hC2GNE5btlMOimtT6rZN,1500
2022-11-15,MIUEIVtSlpc53R8qHhLq,3300
2022-11-15,STbR3WxG649tBw8wbLxA,2200
2022-11-13,Pm7QiWxS5qdH2AOyc7vO,2100
2022-11-13,B67kFrmattCwlPI9nBZO,4000
2022-11-10,TB3iSCHOspPyGCFdmMDc,1500
2022-11-14,HrWtOVqDlJ7ooFaWQgv7,1400
2022-11-15,O0SXRXQmZj5UDhx9sCnm,1500
2022-11-17,pXChMJO8M4iag4lEsrgV,800
2022-11-14,S4HmJg1Xd4DhBu0NoUVG,800
2022-11-16,zme4OUqDhjInd9h5PWWO,800
2022-11-17,tQTPa8vwbJZ3qaWsqxrg,800
2022-11-19,b34jBbLhLITqnYIiE548,800
2022-11-18,rLybP26fRoKtux5OT1kn,800
2022-11-10,qeVtGsffGnV4zbhtzBi6,1500
2022-11-17,raFdzyg7j9k0mmFMv5Fw,800
2022-11-15,e9uV5U75uNxRsnLtoWUj,1400
2022-11-13,UJj3IHQzyJgciKwUb2Lm,1500
2022-11-10,EDHy1XE2DLbc2q0bS0VF,1500
2022-11-15,cRpNMEh9BSLhg8mSv966,800
2022-11-15,Kqx9EkCIdTajcwJho9FE,1500
2022-11-14,LRbsJS2L6tvOHIo5rAJY,2100
2022-11-14,aNIONM618QhSZhpt9vZH,3300
2022-11-15,rrNpXvKIkdY8nF9lMPDg,1500
2022-11-18,3tUka6tn49syoZUMPKwQ,800
2022-11-14,yTftVWlgRumLAOUAui4f,2200
2022-11-15,pWJBGsUThMXGxEtCBkd8,1500
2022-11-16,G8Dy5al9ErF0hBHGRaRB,1400
2022-11-15,zJtOETqrXfS3oOOJhW8Y,1500
2022-11-10,FnSxzsUFAVR7SNO2uFJd,2000
2022-11-17,3dEWMx8SlcJPLyBLpNKC,2100
2022-11-10,4FbYHXNQIiisWys2jy2P,1500
2022-11-14,e1FIuZvcacDYfdai9mEH,1500
2022-11-14,k1sXqQak86RjgHFxVp7j,2100
2022-11-15,1p1SJOXfl24rdTMkDxlB,2100
2022-11-16,jLAUMMP8UdcqNXJzwNO5,1500
2022-11-09,cHASy4dnCguyy9eP3O5H,1500
2022-11-16,9vn9vg2m1j8Xiafs2jEr,2100
2022-11-16,bYwF5wii99M0hsUNQ8M4,800
2022-11-23,ZkG57U9zagK913yZlf1l,800
2022-11-15,zsEPq3TyxgZ4k5e9fN73,2200
2022-11-10,bVfcwExhdCXbRrcQJC2H,2000
2022-11-15,HbP9ro0mIxJeonArmAoq,200
2022-11-14,fGAOqMjJwHxkMsHzBUkP,3300
2022-11-14,pmZ4lbctNR3or31gwgt6,2100
2022-11-12,BBPhNsYQ0LHwr2AUZoqA,1500
2022-11-12,eVC625vC4v2XEaxpY5Fm,1500
2022-11-09,im5YNdsR6gBxf8oyw1Je,1500
2022-11-17,zUuXJ8p7Gr8t85BumlFv,2100
2022-11-22,nA2hvN9ecxhSFIxtEFwt,800
2022-11-10,cdH6imYPJDWYcX92WTWB,600
2022-11-12,yJmeUCQTtrOl0y4veqQw,2100
2022-11-12,wOkAREIhcMb3RGvVe7bz,1500
2022-11-15,JRVBfTE7GiCsaU63IyiN,3300
2022-11-14,wdarUdRPT5S7zg2FgGFj,2100
2022-11-10,zN9IbTAcZWsrsIypvZty,800
2022-11-23,47B5PdaACUKK5mTqM3rC,1500
2022-11-14,iJ2KjUNFw2sfGoV4nuCr,1500
2022-11-17,JSh1Pt0Co41DDydaNZzt,1500
2022-11-14,zBLDRCO516Nb65NlN0na,1500
2022-11-10,Wa5W02efmL8hGPUGchOI,1500
2022-11-10,M4FEog6WbieckTL0YAG8,1500
2022-11-17,gKQPMR03FBgVTbE0Onev,800
2022-11-14,WqVnL7RoV2vsIIJ5yAt2,2100
2022-11-02,hQ5nHFEmZ32RwdB72Vpr,1500
2022-11-10,osJwJGvbJ021tRSYwM0v,1500
2022-11-10,OWvgDrSFXmeJmwXOn1yR,3500
2022-11-16,FAJdaf34qVnM3EbnJxlr,3300
2022-11-13,r4ZNXUCpMTVDzTMpPIj7,1400
2022-11-23,HLSYbXyZx0Anld3detPn,800
2022-11-10,iqvsusyi9BErmlNlw0US,1500
2022-11-09,NC81cRkkL6DMFgUm5enT,1500
2022-11-11,JKg3zXULE66sW69F7uvc,1500
2022-11-23,roVJUzYeJeuki9DKH7Wq,800
2022-11-10,sG7NEaOWeVu7PHjXAOj1,1500
2022-11-11,O4dcocheRpj4RHs4lVuy,1500
2022-11-15,xevAExPy7Um0gOHmvjus,3300
2022-11-15,5Igym4joHG9vKmfZ5uVG,1500
2022-11-09,XRkNAgqhHaCq7PBz4vLf,1500
2022-11-10,3yohdCHgmXL3MmrD6Odr,1500
2022-11-16,X0OZe7FyZPF1zv3BX4F4,500
2022-11-15,0cwYfqVChZAyCAYX3PNN,3300
2022-11-10,AjBgcAIINq3wlikZlHou,1500
2022-11-13,8NMFfCp8SUybho7iouIj,1400
2022-11-14,JSlQGoeqRjj2aVrgmwDw,2000
2022-11-10,on7b9BZeF5NljmQCIinZ,3500
2022-11-11,zBHYaINJAluR1KRgpZHH,3300
2022-11-11,2CIJgnvNylMk2pBxCvYc,1500
2022-11-10,BImNpcgqi1ezz1kCmWaa,1200
2022-11-16,N8HAbyifBHEDdY7LBuK0,2000
2022-11-10,2rxfHgXXJK9aMJT9yYt9,1500
2022-11-15,qzeday79Ks2ywE1CEr9A,1500
2022-11-14,K6nLgmWxZmXanNXOvMxL,2100
2022-11-21,sxbMWE95tb13owaEWt89,800
2022-11-10,mXvQmXpIGPIA03MFuuXc,1500
2022-11-10,pejwBmuYcS5sOZcGAfJ1,2200
2022-11-12,5kOFEkqNhYRt4uiUuf3E,2100
2023-01-16,xuoypTCyS9WtySEbcelj,800
2023-01-16,XDZ98JSQKFzXQcOyBKdf,1400
2023-01-24,iexrcqc0YzuJdYZiLaCJ,1400
2023-01-30,VUG64brUfx9z6aMAri9m,850
2023-01-09,pwTv6lwecEbEzgcbFvrE,800
2023-01-16,gG9gTMloJv8ohFbKDyf6,2200
2023-01-24,0qyUhVnKNYHWJeEqPbHc,2100
2023-01-22,TEEYO7Q3rrkVxxrrU9aV,1400
2023-01-20,UBCr448VLnX2K93FGqB4,1400
2023-01-15,rz7uui7cwCIBzzOYRsly,300
2023-01-10,texeIo7MP1GdVqeH1E4W,2000
2023-01-17,e5Hv86u0e9SLoT9lTCKG,500
2023-01-10,Z5zajFlUKEHzkAoYrGaf,2000
2023-01-12,x0xkOPEx5bbhsQXWvbHL,1000
2023-01-16,yimPeF2spYdzujpe5qkU,1400
2023-01-10,jyaw0FU6dlQPKZE4ySqq,500
2023-01-17,kEPakLRycUypWNgtCenM,2200
2023-01-16,I6uMeieZ7l5KFYNJwobm,1400
2023-01-10,cR6Of0gN0Dpo4nsqBAyy,2200
2023-01-30,S5gaBTLUSxgU5Vezu0tP,1150
2023-01-27,4MgHVTkBVO2VNTQbS30R,1500
2023-01-13,z6S4tusghDkzLaZZ028D,1500
2023-01-10,ZYhL7pRqKtshhFcqEML5,3300
2023-01-10,giSaetaCQLF61Snf5xaA,1500
2023-01-13,HQgc2gnBhDQV9SLTxrVF,1000
2023-01-12,M1XShon68dnryaQTIZh8,3300
2023-01-25,LxMSU4NkFFoJ4mSxGsUW,2100
2023-01-12,xpCznT4XkepJWg37vK7y,3300
2023-01-12,xdyAsTxyqAzt0kWa7uXm,2100
2023-01-14,T6Ul9G9E8rIft2la0R93,2100
2023-01-09,usJR6EdPCg2Ceqo35NKb,500
2023-01-27,UBqUKsWG7I1v1nL53ABQ,1400
2023-01-16,YEkDni7V41RGQdi9eWlU,1000
2023-01-16,2gAmEL5J8uneS7UHsyrs,2100
2023-01-12,8wsGeC9HexWEFpDjzaSB,2100
2023-01-16,v8K7TOZBC8gKkAiUytgj,2100
2023-01-15,yymOmC77RGksTPEzzLdX,1400
2023-01-15,2txyrsTUJ4P8w8uvIxQG,1000
2023-01-17,jI1j9zxXMwDI8bz3c8Dx,3500
2023-01-12,A13iD2732d8WwX6abXXs,1400
2023-01-21,UWNAb4FKmE3kwLGpYYw1,1000
2023-01-21,ulR865JLT1p3iLhQQUZV,1400
2023-01-11,YuVeQuVlX5pRpPKp0h98,700
2023-01-11,PMhcdva1oLbF6xBiqHla,600
2023-01-15,F3dWFQpy7VG4F0zKQXeY,1000
2023-01-15,fKq8uMDhvTVFmauvqfOA,1400
2023-01-10,YrnA8bMWswbGVSDJ2S1X,1000
2023-01-15,NR6gcXrTwbFIDAcvYxf4,500
2023-01-05,mn0WeEGRJlVaeA69TxnH,1500
2023-01-17,ipvE9G0J2h0zYkH5HqWd,1400
2023-01-16,lTTw31G0GZVg5LotmzcI,2100
2023-01-10,mMarSTqtvvcfRJ1Z6nRz,2200
2023-01-16,492HkDCj1zSVHuCCO9fm,1500
2023-01-10,hplzftK8hAZxcLEPgwgt,600
2023-01-02,VgfeMiWxGxYle2KUlWGI,1500
2023-01-10,sEy5doaM532X81e5QFr5,500
2023-01-17,0cPLADilsxIqc0r0QHb3,2100
2023-01-13,2K0p1bFfidcXFl038XZN,1000
2023-01-15,LNDpCklkJBfkDiDJXRN7,800
2023-01-10,aVy7uT9JAGBynmG5aCPI,1500
2023-01-16,5kGpiRai7uWCTZdmrAxL,2100
2023-01-16,fn4V7qTaJDwd1XnSNOxx,2100
2023-01-10,7krcKeZz7ixpzQblCCX2,2000
2023-01-16,8MQ6aI4Osaifs2Ijj57z,1000
2023-01-10,KeTctIx5ilwR4NbzPcDn,2000
2023-01-11,pj4RrfyxNW22fcV8NwjI,1500
2023-01-12,wf78O8WBJdZbyfyYSwGc,1500
2023-01-21,TFwwLniFBg0jwVgNXWEq,500
2023-01-15,UUIUjyzkfapoFG1mv97D,500
2023-01-11,tpbBIYZ876qYfZMThaf0,800
2023-01-15,x6WgSna2XcPG2UjrxWH1,1500
2023-01-12,XctQsGXRkOwtE4RFVG6E,800
2023-01-16,heXBTNsFjgiIZZgMW9hp,2300
2023-01-16,oaamkgKWuMHkIz0GxBUk,2200
2023-01-18,ghRm08cI2wdP06jLPSb3,1000
2023-01-11,L2caiOVe1jLFyixTWw9Y,1500
2023-01-09,d1lTuDXM2fvxbHjDf3LO,500
2023-01-10,g5Awsurjn0rzok83n57A,800
2023-01-15,6cFPXXHa1iaXar4s7XC8,2200
2023-01-19,RuSgqiZBhSJUoxNe7LK3,1500
2023-01-27,la40lwnEzR68hb6npSZ3,2100
2023-01-16,wxeNzGf48AnrCHVCTtMh,1400
2023-01-13,8bzIihh1Mnsgsc3TbkGx,1500
2023-01-17,TIpWrb6FYT6Qlkp40Q0v,800
2023-01-15,DOEpaxJhvwH51UkMEzpS,2100
2023-01-14,nWzPlonBMKAp59oy6LGq,600
2023-01-12,DmzV0HZcyqw1whB2Uw5C,1000
2023-01-13,cU1LYCQ8MiOB3aoDefVa,2100
2023-01-14,dk2fIXVgzk0rZI4wW6XS,1000
2023-01-16,E8AyuqQ6XdfNT7m5v6wM,2100
2023-01-16,fseCfdOEsxHxWREO5anS,1000
2023-01-17,zJX3NT5EhjpqoyhHBGUH,2100
2023-01-16,i0evig1cVTNYQVNqxm8W,500
2023-01-10,QWefcERIGJUEw1OcDNHa,1400
2023-01-20,Ju7JPghOokx3dDHWhBoh,1400
2023-01-13,Axd6Wgq1cil9KaJ8zpQk,600
2023-01-16,LAiwadYcIb1B2WV4bnYV,2100
2023-01-14,u5iGuB3PEZJNPRTxpFFL,1000
2023-01-11,vz8WEZ2v7R3Gb0GWTpfJ,4000
2023-01-21,pnahRmim0sSRyX4LPtLk,3300
2023-01-11,BV7tt2I11p35KRCtGqBW,2200
2023-01-12,UsrTt14juW2Ba4nKPKn7,500
2023-01-16,gag1sYlX7XIXDMdTwRWS,1000
2023-01-14,RBxFvMTxZreoCDxi258L,1000
2023-01-13,1ie91XmVMup0UWxylXwF,4000
2023-01-12,wjIrJVfyS6EKk9zy7qgQ,1400
2023-01-16,pFxzfLGgDJ7fXXqQQ4Cs,1000
2023-01-20,saxmvQXa4zAiXKLTi3XO,3300
2023-01-16,P7tro5Rd8mPWcXO9EQXJ,2200
2023-01-08,hq5a7rxALMLFVBPXFvlu,500
2023-01-13,lUTQGMSxUKmsnHMdUUec,1000
2023-01-15,rWYqw1RDQTVzrVUBJcof,1400
2023-01-16,2QQ7x50Y5s7bPuYfQyxQ,1000
2023-01-26,RHtPQYMVWwf5V2uVOn7j,1400
2023-01-10,2LFqnsvPWiyikDCnWjAX,1000
2023-01-15,3TMjKC1nRPSNQuEouAoV,4000
2023-01-11,BFj42dOYo8tamgps4xCg,1000
2023-01-17,DsQnHcbMLaHpx2OHP43n,500
2023-01-19,uPvabzsGieQiBO8xFHft,2100
2023-01-22,12odNys4bnhAvfkXOApf,800
2023-01-16,1h8uCt9b9SimoXyUgPh7,800
2023-01-15,8w0sUYnpL3wGTY8iiYhs,1400
2023-01-27,sZIjnInnNKEQHo4pbUki,800
2023-01-10,SFbIPjzk5W9NObu5s7qW,4000
2023-01-14,rbeNIqBm7r4CbUzHbWGy,2200
2023-01-18,7GeywLGzJLxrYHHs5bsW,1000
2023-01-16,YJGV3VfAOW4u7i0y0gCx,500
2023-01-15,uZHMpSY3x9j05pFwYj7R,2100
2023-01-12,DTzalqhHvrDovdyNxfd2,1000
2023-01-14,Se4OuL8VkryMJm0QmIJh,800
2023-01-14,MOrGhQcZB5hTdYad0pzh,4000
2023-01-18,VTb1FW53IA1KBcZWF35n,800
2023-01-25,3Rq2AdhzOmCQNzjZsssZ,1400
2023-01-15,Py3UAxQeVRn8Sa8p74ax,4000
2023-01-11,kB6FNZes8SNlgZWHFmRo,1000
2023-01-14,dDQej4I78CfgEE2ALk5R,2100
2023-01-28,FZeJqjqmBqAcaxAILIJl,200
2023-01-18,RF8zh8aHjnndtud0Bl3E,500
2023-01-22,OCRuxDrUA9yaLT0mZDG2,1400
2023-01-15,L5WCxupK6j7We7bgoiMn,800
2023-01-19,QHq49Z7lB5u4i28HahOy,500
2023-01-21,GFzsdUHcbsMiFPVG0Pe2,1400
2023-01-21,S6QDwCTKC2sm6XWOBN4d,1400
2023-01-17,2pNee0ZHEznjHGXaAvSL,3300
2023-01-22,tfvw4ILzGETXlssb0SH3,1400
2023-01-17,4BGe3GjCBOHe0Oox5LWF,1400
2023-01-16,m4IWRQw9mhQjqhcj8YkP,1500
2023-01-16,V19wcHujPKWk5nQUbxOI,1500
2023-01-12,GGpGOebiK2GwyRr1NAEF,300
2023-01-10,NeeGwyW9WC28D5HHmxxP,600
2023-01-15,ZPru91f3CFK1TAWMEUFG,1000
2023-01-16,5LNbK9oWxKzS0T37bKJL,1000
2023-01-16,MwEa8PWuEsfR9SvLqrqM,1400
2023-01-26,zy4ecPhaIFWZQ1OUaekr,1750
2023-01-29,oEDhRVwu8wfw5JZJXDFo,300
2023-01-13,jcA8iSEgyC9Kg2QYYyp1,600
2023-01-18,W759pbNxmt4KJecCqi1d,1000
2023-01-20,r3UGpVyfbNRDuk3d1IS4,2100
2023-01-10,CISo9W5SPmCIwOEFPO07,3500
2023-01-11,sh2pwCWoUcjoRPAmNwhr,2200
2023-01-25,jOBOx1AwHwMXqDrO1YGH,2100
2023-01-22,zQoDQdL44SxmOnaAxWD7,500
2023-01-09,zsqrQBppUZ1ivna1DHep,3300
2023-01-14,SUvcC9EavDMhWr2BxelU,1400
2023-01-24,kUz8YtpvsFRGl5Qyqljx,800
2023-01-15,3jeD2Hp1fePc7S0E792G,1000
2023-01-13,UlU8SMHdunvn4t0U3ilA,1400
2023-01-13,IvdDLoGXFuG3cHcMtTTD,500
2023-01-18,5O9k4NQThM5F7i7Ec5CI,1000
2023-01-11,sdEWmSrtOh8KNdmeMEWt,1500
2023-01-11,lFAonlKMFGwknVMJZclM,1000
2023-01-12,CAlMnv4mj1VkrzrDyTZp,3300
2023-01-11,mOGj0XKx5OnuuEyUY9mK,1400
2023-01-11,2nxmJVRBZ006xIFAjco4,1500
2023-01-16,ZFIQUnug5WUXi4Rei2RA,1500
2023-01-10,iOWo0dHzeoMhZW1gcvDP,2000
2023-01-15,BJdQt5NLeLra4qOybv6t,600
2023-01-16,TpXDaYbdQnmEJngClJ80,1000
2023-01-11,jn3uyBwgC8FXfMMxtE5M,1000
2023-01-16,chI6gf4mVOcBrUGl8kD0,1400
2023-01-23,9NHg8Ypw2Ll5dEdMsKXb,2100
2023-01-10,NEFexGmimme1JF4ZUhJc,1500
2023-01-15,uBZ8YS53cS7PupAhTAuV,2100
2023-01-10,k45Ny8B8llWWcqMzVHML,1500
2023-01-16,ECqNP4qPNsYSUl3nwokm,2200
2023-01-18,BrCpgHnb5uqKXwm9nfkw,1000
2023-01-24,l9hpsGgXu6Brvfy6LVjm,3300
2023-01-23,5a1n1vdz0YHnywFbAcRk,2200
2023-01-15,MvhddI7Hbyf3vh7ntkGW,500
2023-01-10,4Tlcb03NinEBNJ2s3aNr,500
2023-01-14,Z1jz5NEJqNuqqJK1c4CA,1500
2023-01-01,BcBHJB2xp8gVXsEVOn03,1400
2023-01-10,ei3CHIV4rfXyOUmoVysT,1400
2023-01-16,zrmR4TRGpOuAxVnCsHXx,2100
2023-01-12,MH81bix735hqeyCOTrL8,500
2023-01-18,eljAfevPp7pgFSDVfYGp,1000
2023-01-12,S3GrnVlU2lzNJg4KJCkH,1000
2023-03-20,IAJlw0mHSeTni5fsMhPS,600
2023-03-12,Glyn0oc4p4z1dOVJtS3Z,2600
2023-03-19,8eSwFg5jKm3zlpZpfILr,3478
2023-03-12,jxry1UtcRUwndjUpcULl,1900
2023-03-16,krJoJ9uYSADaV9Bq7Ayk,2300
2023-03-15,gQbMVia3dxi6bHzvgAX0,2000
2023-03-16,Aau3psV9RMunhvVKfki5,2100
2023-03-19,tEUUOBfq0KXyksiNpuUx,1400
2023-03-11,DHTSvOJ1XHmBmLCmtcOT,3200
2023-03-14,7x8P5DuQbvwne7ntG3bD,600
2023-03-12,REkJvMv4KiKNmEirG5IC,800
2023-03-13,4cp2krriRtsOhGT0G8CO,2800
2023-03-15,eBsCz6SRnXbIj4O8XV6o,1410
2023-03-16,QoYCCpLqotaJ6y4MCwZY,4000
2023-03-13,1gYzOzu9TjY9U1qVsklT,2100
2023-03-13,icwTkUo0xKs39eVQJzsW,2100
2023-03-15,demDYvXGsJvPM8wJLN2a,1000
2023-03-15,SLKfcfhvwL03oqENyl5T,3500
2023-03-12,rfwccG1HtBHOZc3OHdLN,2100
2023-03-15,WaxC8Oehp5DcXRwZJMIv,970
2023-03-23,9Dth3h0Sw721Fue3AluA,1231
2023-03-21,LhyLzG12fPNPZbYpoWnq,1175
2023-03-10,g6c18ui6ZPffrcubHemE,1000
2023-03-15,62BcOuGhZmH7jbetjDnf,2100
2023-03-16,3tgI6t773uBMcPHreuvW,1700
2023-03-16,t5ISGKvx7FX4FVjH7GcH,700
2023-03-15,uVhnnxaUCuUDI0AIbPLm,1000
2023-03-18,deQ3DqHQ4f3WaKsEyJaS,500
2023-03-15,ZaT2YodwvyGAH2ZaiFOv,750
2023-03-12,dUnaYqB3Q3GhTxiCPy3f,2500
2023-03-08,LA9FgKT9AuFtI3fxrYsK,2000
2023-03-15,UTJttyaeTTBVETx0xgDG,2700
2023-03-11,csQRBFiyB9dFuAl7nAgX,1600
2023-03-15,ppLTBjmLVWzycYnBSgoT,700
2023-03-20,xlpnBK2Rh95u0fRnvuHt,750
2023-03-14,6RDABXeeUQyzCoyRuiyx,2200
2023-03-15,oJ2qowHLz7ESK51R9jbt,2100
2023-03-08,BpQlcDJmbr9elNFERx3Y,2400
2023-03-11,Olz7rOliDgXitoO7i5ZR,1979
2023-03-12,m7G2ERKmArU0HdlfGCQP,750
2023-03-17,6ORzQKi7PYA9TzsqdTCt,2000
2023-03-20,OaUKsdxdsJ1WN8ADx44I,500
2023-03-15,uvA4Tv0Zhl6CJK6VgafG,2900
2023-03-22,ODChuvP0cR3gFQg0AZvq,2100
2023-03-15,Ih1nCuYJyHtBx0QSKppo,1000
2023-03-18,LLyJa2fSob12sZrVYFci,3500
2023-03-15,p2za40w7eR5cRsvzfISq,1900
2023-03-17,mh7JYvTbyRzwNkweIYsC,650
2023-03-16,L2GjlLCMm92fo0ytPRsR,1410
2023-03-20,w7EPg0lfHOuTZe6q8DY3,2300
2023-03-12,4Du17YjNAFvXgG2cfIjn,2500
2023-03-10,6DNP9A1XtHjzEZUywJJd,1000
2023-03-17,O8B1izsxImNZWcSN6sdZ,750
2023-03-14,Dqfq7XCGYkR811Bm6XjZ,1130
2023-03-09,kFY5E1KqoOwoOOSn8j7u,1400
2023-03-24,gCJjjE1jIaPWeVJDVnbL,800
2023-03-15,HkEVjN6FCkgw5uH8CDIa,500
2023-03-25,jYKk6EhHtXYz4Pom5736,500
2023-03-15,SE8nJTVsLwpLQpoEUB9r,800
2023-03-14,zhIQ8dpeSa5sbVbNjKnN,1800
2023-03-15,erbrux3poxyjlAOu2V1F,4000
2023-03-15,gB8l1AlYpajZIKfxS5yA,1000
2023-03-12,M1JIpqJu0kDSMA32mTrc,1400
2023-03-13,KaxeVUKZHGhZklXgGisN,771
2023-03-15,AwwNEmH2wBMTJ4vsWXFH,3000
2023-03-17,l54iCvGnzPF7wqI6T7a0,1200
2023-03-13,6uQrIkrAYFeiqbkvivYc,4000
2023-03-21,YRugUq7tL7zfZimXorae,1500
2023-03-25,6aHCwLgzmGeS7o1WomWi,500
2023-03-09,Mem6fqCmXZDCWtXOIEFn,640
2023-03-15,z3rzesKBhhbOpBB3pZg3,2200
2023-03-15,2aoshCud1Q0DdcNjlosD,1500
2023-03-13,R9O4Fugbrebs72uIPgAL,1500
2023-03-13,3r8GpRu5LmaXNUBLAmxR,700
2023-03-15,4ycPGXWfRgjdPvhKHoPc,1600
2023-03-09,swKdmm0wCpqvbbZeGLBv,1600
2023-03-15,VGAhsjOv1nUvXYFFNu4g,3000
2023-03-15,1wP4UPuZWgPXHBklYm3b,1300
2023-03-13,QVJXyjFT8JLgU9fFGXjs,1500
2023-03-16,aDWKArq7jRyQPPPqTauX,1500
2023-03-13,kalj44o8h0T5E8aGNIN5,700
2023-03-16,2e4uEzqwcHwrqOFqj9dZ,2100
2023-03-05,kKM1mrBErjYni1LjmRrx,2200
2023-03-24,5uzTwk6XyA1w9hGgag87,614
2023-03-15,jWfuJEhwca1LgEWgSpJj,1400
2023-03-22,eSyqAOZvreXBivhgGTZR,2500
2023-03-14,65GOsbN6zXfPpoX4gXpr,3780
2023-03-24,DCPr7qWo898kmo4S6kYL,1400
2023-03-12,PMXATE5RV9cECELmcvvI,1700
2023-03-10,qfntBt3hTfWgVsD0QKJ9,4000
2023-03-11,aWcMdt1sPtp9Ok6DIeuN,3300
2023-03-12,sdbJdlkvbSenQ90VuCGs,2200
2023-03-15,SsTJn2SjgND19KucLdt3,3300
2023-03-08,5g36s84fAsyqUzrDcfmT,2500
2023-03-13,TV8fbSo56vMfDuerugF5,1750
2023-03-01,Hy1x43ZrDiBADMNcB4d4,560
2023-03-15,yATI7Lt01wL8GUtwrl9Q,850
2023-03-17,1NoaJqq8STKS4In4Vgqr,500
2023-03-12,NzeEOyImEVr7mzkUZDyj,2500
2023-03-14,cJyEUkH7eIiaZil00mJy,600
2023-03-23,40sfedjuK3A1KtIYgl3E,920
2023-03-25,RRGuJJeyvi7UeXsy5kND,200
2023-03-16,R4TxKie7usWn0KbMRr4H,2200
2023-03-16,lBqXt9Yg8GiRI9HSb5M7,3000
2023-03-14,1Ye713Rn6Zem8QJZNgRp,2200
2023-03-14,aw2aKtWu8IyTCeCiQ6gJ,1700
2023-03-17,AZdPKDVGCtAZwA0AAylS,1500
2023-03-12,g6PbEw6TFC3ZngrMNGSy,1900
2023-03-10,3UZV2DTAAqSBlLtmVZMm,1980
2023-03-15,3TW4YIzOnge0THnkGBhQ,550
2023-03-24,IjklPdyrUURWE6LPCji7,640
2023-03-15,pOvMB2DcvpKC4hmDYmE3,2100
2023-03-22,nEF3QiVhJbpsKiAbFsyD,1600
2023-03-09,MCKauApQ1crvZ1mmVT5M,2500
2023-03-19,1PrHrKpaSoTY1jQr876l,1441
2023-03-09,qayHQtlUmtrFEHGfhDSM,2000
2023-03-18,JvFYwlgK3hNThLmhyXWw,500
2023-03-09,CoDjJL1TucbYy6WxGudf,3300
2023-03-14,bCOz1J0zU87iiDwRcfBo,2900
2023-03-09,HzVqBofJTQ2HpTtrTGYt,2200
2023-03-14,VA3zMn9W0hhnKOaRwIOl,1000
2023-03-13,gjd0sLqQUYbE3gbRCoxR,2540
2023-03-12,f9HtvucVZiO2ASqEJ68x,800
2023-03-23,nMzQ82AyxVKgyCaziYCi,3500
2023-03-03,5790wLfWAa3Gh3YsyDmF,600
2023-03-13,PB6N6INDg7FtASXCjUOY,1300
2023-03-15,O8j0sdnP3y1jBv1nQIXq,1128
2023-03-19,Ur9DEln6IYT37mWTeBNq,1083
2023-03-13,9ySRqz4oqbe5bUp4ATpy,2200
2023-03-17,OBYbzhe0wrBms90ygtIj,1600
2023-03-14,r7551Of8DXQCMso7sGzD,500
2023-03-16,4mrTPLxi9dDgU74U3pF0,800
2023-03-21,TBjU9dQuB9BiKUqvaHoc,1750
2023-03-13,UWJrlJULT2siaTkwekjD,1800
2023-03-16,aunM81G8Bx4b0v4jh1eC,500
2023-03-16,VbA4cyezH1lZ1JvjFEfU,700
2023-03-23,YGLbKKNJcGbH16WXRWvT,550
2023-03-13,YwKD1O2Uh60RQtmGPIfd,829
2023-03-09,SXKMjFc29DbHNI8gteDI,600
2023-03-16,Ops3dxEH965hURaMHTCE,1130
2023-03-24,Ym0XFNVJAbUSGjuwacyi,4000
2023-03-12,LG1Nhe2Z8bP1p43FOZHq,2068
2023-03-17,dggrcFlP0w0ru8yvTswO,3700
2023-03-16,osv5vcn0PCggkudvIoJr,2600
2023-03-21,ZMQINyc94K3E7L1VHCIS,1196
2023-03-15,ZsjVAHgqJFr4HNrtvL9f,2100
2023-03-14,7oe80bWXu1rEg4Y2O1gS,800
2023-03-06,1MZr6McC9UsIEMABTXr1,1280
2023-03-16,QoxrYg4JG4OvieBthZTX,500
2023-03-16,qi7LVsn2H16QIFUs7UQG,3600
2023-03-13,O9k1YBpPUS4iloMTMPfm,1200
2023-03-15,APPiZMWFUKI04qDWtXbu,2200
2023-03-15,gJxrq5nfQDkLJOuB1314,750
2023-03-12,KwsknAZ8qNwELRmOhqfq,4000
2023-03-24,SWD6gycdzzVYSJwv6714,876
2023-03-11,BouTeiw0qXONLUIQtmq3,877
2023-03-20,2Yej4vCgyXiQtK9EOH7C,1038
2023-03-14,KI2HOnzDVl9oeM8TrZyq,1410
2023-03-22,htvVGYv9AHJHDVIFSXi2,665
2023-03-12,QucXxNciAjoSTpsnt0Ru,750
2023-03-10,RwIxl1g8uWoatQzmW49c,2548
2023-03-16,8C3ZuyvxVYoEOtyPa5h7,800
2023-03-16,2CRc7BdutlNQ8g1ogKrQ,1800
2023-03-13,ZeNCJtvajVke8s8npcb7,2800
2023-03-18,10h3bMpyplWvVEOXjVfV,1209
2023-03-08,BA2rr4wLobmga56GuMB3,1600
2023-03-23,Wij85RBVuYMf1zakZeSl,1457
2023-03-16,L3I9SdOoSVsDxwLjT4O1,1360
2023-03-13,EXforXBAlQlibV0l4NYm,1200
2023-03-16,dpR40r3eea8E0ZvQLalS,800
2023-03-13,FSrh9LVCh2k33LgE1bss,2400
2023-03-11,yj4CmT9GOk65KST6z70X,1000
2023-03-19,0sUjb9Ct6iNDzAtbWDob,2100
2023-03-14,bVtcbpShQN5SWOKWpp5b,3300
2023-03-18,dnnDIYrt2wOhLOsV45NE,500
2023-03-15,XzjntMgSCpLcdKvYXBsT,2600
2023-03-16,jGLqkxm4B5dzW7PvWsZA,2000
2023-03-15,DDrWNiM9npeSz4gpElB0,550
2023-03-06,pJjCOnwh4gl5n8yXwRKb,350
2023-03-14,0Y7FsaWYtffzr7xIw8Ou,3300
2023-03-15,YNE1FGFDl7MyU7yvJKzf,1030
2023-03-16,XqgsCDOyiKhYQ4gmW7cD,3300
2023-03-11,reHkV44cmeZl2hlI8qir,556
2023-03-09,kjwFfRQ2GqN5zWexgntO,1880
2023-03-16,E4ntRcNOzFKpEwoC6twk,1400
2023-03-21,jYUa6hiZzbNqWfWvjkDb,500
2023-03-16,XcRInLETnaaFWj9LBlS5,2200
2023-03-18,9Fa9sGFcup3uWY9wMd1f,3900
2023-03-13,mw34vdVvGuwpbKYWqjdh,1800
2023-03-14,SJ9vKhMwN0eUWSl43bWW,2600
2023-03-14,G4uIN0ROJS5obb5IxMNj,3900
2023-03-12,JufhdJd5xQmmff7FnvWG,2000
2023-03-05,XfW8SeT8Qq53dfjZqvCP,1000
2023-03-16,mxDqDKO3FWcUx98GfJiy,1175
2023-03-15,eLCXMngcfu7X7NqlD6Wc,1700
2023-03-22,4cHDYBFdrJEowzG8dFsb,2600
2023-03-14,Fgj24SK5nj4xorGwGmbn,1690
2023-03-12,1ozCYBPvk7M991VLSVOQ,1600
2023-03-17,9A7O4o3kmMrI6eeByRKW,500
2023-03-12,rAWh1WQH0Rg4aBW2UGH9,4000
2023-03-14,5klVdcRrRiewM9RZxJZc,4000
2023-03-13,xoZNMh9i8K7FhMc6AyEj,1500
2023-03-23,goyJcS9Pjz7uo3P98Wg4,1000
2023-03-10,7vsUCGuExbq4ZpidsE7A,1700
2023-03-24,qTWHVZ4hWMrblQzjm68h,709
2023-03-14,ymVMsNy4PUzv4Ullq3H1,2500
2023-03-17,LhMEw1oa9BNpk9esEYf5,2200
2023-03-12,lgbAoSnNaJA3hjn9KOab,2200
2023-03-15,7ztVzSiaePsp0Nh7uXR1,1700
2023-02-13,Riy6j8IHCCHHYQL7xLit,3800
2023-02-09,3EQNTo18ibWm9KMsovs0,2200
2023-02-12,qaH4EQhSlKCI4VwTW3nx,2100
2023-02-12,9atgR7rZ11dmoIxdcCpG,700
2023-02-13,txfLsZOFNU988kBH30pr,1000
2023-02-20,H8UrigK1FuUHYUdLy5E8,2100
2023-02-21,UIGlISZAf4nJrFyeaFhz,1130
2023-02-12,ZdCUo9alaZV3zupe5a7n,600
2023-02-08,EPQ8IJVhXSNT0g820yth,650
2023-02-12,NVJcuXgtb8zwyrfYTvui,800
2023-02-22,VbaPDyk6EgJ1JTWRyloQ,500
2023-02-13,ZWkCNxoUP39XgNzJTrCe,2200
2023-02-13,o9x2tolSEtJHJC8wYxfq,1000
2023-02-08,lxusOVEw9giUaNjhFa2p,1900
2023-02-15,plFAZHOngUpuVcxK4HxC,2200
2023-02-22,PqfJ5Wzf1haBHWshPCLd,1500
2023-02-08,pIBZcFBF7j20lUMu1IhZ,600
2023-02-18,lw1Bbyx22nNMtgOMkFUf,1030
2023-02-21,ibHBfRdMjAHOkqiecwLA,1450
2023-02-12,yUhsezg4oHaTGYPRmdhi,600
2023-02-07,cz2gUwJWdJHJKxh8sang,800
2023-02-12,4F0ZuB4RSvugTpnT5BnL,500
2023-02-19,Usrbhrl4Qj2XRhQg221x,700
2023-02-13,mj6S2mRFocJaRcTLKExW,3400
2023-02-12,eRXn2PpQnZnQAWEJy1WJ,4000
2023-02-17,YWXC2SZVSeydlDobmYzf,500
2023-02-24,MJShbpaGld4gPZIu9UHx,1580
2023-02-08,HNtZNv3tLVdWrRUADpHi,500
2023-02-07,9Ay7yj2PxCp118F9jEeZ,2100
2023-02-07,BjiPdXp7PWnlW5CIKFjD,1400
2023-02-14,3sdlo1e7HiuyfsA6PMaX,1400
2023-02-25,dLO2P2zyKIm8VYT5iGZb,1600
2023-02-07,xoTBbAdmL5ven4CptPWz,1500
2023-02-10,5R9Ss1QepnNT21SYgV2y,550
2023-02-12,jwd6B8vuQ1MQGAU7yLoj,600
2023-02-12,yQp4aN0CwRBYA31P8J05,1000
2023-02-02,XPQVL4GstZG3HFNJDSwD,800
2023-02-14,NrA1pYs86j5Nd9vbhOfl,2100
2023-02-07,6PLAcEa7g5lA1qyhHcTi,2200
2023-02-11,UsiI8VhKtHWSG55OXFQs,2900
2023-02-13,mzpzhIImDu7WWfhDZ203,2300
2023-02-22,XD3QCnxrxlYQwNCxUD1l,1000
2023-02-14,IvR8Affld7JSHshHIlSE,800
2023-02-07,fjIUqyNvIRJTzmetKr0S,1000
2023-02-22,IsB9VPbns6jrLN4Sujt2,750
2023-02-21,jR6dDdM7aWEIcnuYkb6J,1130
2023-02-21,bNQidgrWZJSVknyn4y6P,1580
2023-02-08,NYISZJUwPP3wfOMFFsd7,660
2023-02-15,IFYgjmynQn20LhzxlKX4,850
2023-02-10,xnLRrA4ftGljkBN6P4Vz,500
2023-02-12,c6JfMv4WiJ1g20tjj8J1,800
2023-02-15,peR7ZSjr5FrfSdCiGGAg,2900
2023-02-12,yjljbmmmLgXt2NW2Uy4M,4000
2023-02-10,XrgcrtsCtjGNLrgvQ0YZ,4000
2023-02-08,ksg1JWsJgI8FVNZ5dWhM,1300
2023-02-09,oAhtWtSJDh8Dmc2Fclhj,2100
2023-02-19,Rn9p1ZKZYOgwkHFBk1G5,1130
2023-02-15,XNSeriUrbepbJX3CesCx,2100
2023-02-12,TyEpC9AXa5rMPxmQclRk,3000
2023-02-28,d7XmwWUtQddyKKQhmxOK,2100
2023-02-26,0chgF1sEcmNrZWFlZpJm,2680
2023-02-12,ueCoyodfnZKiJgWr6CeZ,2100
2023-02-12,8IJ9cRaxuaa1wMYs70bS,1300
2023-02-08,xbEKztJSQe9otIEZWPvs,500
2023-02-09,eH2p5QjOsE5EfnTQBvJ6,4000
2023-02-20,cQrfvr4nJbt5Mlk8xbM3,700
2023-02-22,kFWRhNtpSxDUMuxY5iii,790
2023-02-07,dRK4Y3smVA0qQdKpFBt7,500
2023-02-15,HHedm5YioH0J6vfjkgG2,1000
2023-02-14,oVTIasdnAAC7CqEG6b50,1480
2023-02-12,pTS5aQD5c2zdIZVEynGm,1000
2023-02-07,jsFnd4Fw2tpAO5OMqQNx,600
2023-02-11,cRTvkDVDZhI1M9MEodhy,1400
2023-02-11,IZ2uhS1os2nBqMneUYYA,1500
2023-02-12,5WTfGzweL89PkwKchafV,4000
2023-02-07,wkpLVGMx057R9mkHvq2A,3300
2023-02-12,SCvUPkSezEdgZJrcGai0,650
2023-02-14,LMxdNgz7vvW7c6kwNGqW,1410
2023-02-13,xK4nvun8KBPZNi4I3xBJ,600
2023-02-22,1Y1z0wkDG0Ghx9yi8mfw,800
2023-02-20,sLjVPZA8MBu5UkcAaW0i,1400
2023-02-08,M0n4YzYn5gFckhQadtL5,1000
2023-02-21,lRRtouiQPQ2JyTMUObDG,750
2023-02-16,0s9VcOFqJWUztAkTYcJH,550
2023-02-14,rvYDyCuaM3VjlIcjvKus,500
2023-02-07,A8FM5U9Gpvntog0ZSd18,2200
2023-02-20,MZdx5U3VK3gDs4kYxhUg,800
2023-02-13,gFk8AyIXJsXPDk28BKgR,2100
2023-02-12,Byiw9cNyhx5KavGJR9LY,1600
2023-02-11,6z3NtcHgtOoT87KzTMip,2700
2023-02-20,cp1MKeQQYjXIvYYmi8dG,750
2023-02-12,qTFhKclFItlEvdslrDE3,2100
2023-02-22,4n5drxwqHZCkaZz7eDJe,4000
2023-02-23,BEkAxQE7pqUQUiRB2TFP,1000
2023-02-07,tQtZ5XGMi5s2LIuCfdY2,1000
2023-02-13,HGpQHoAkdsplArMZhn5f,1400
2023-02-13,46hjIrHjRX2MmB0ev2Hn,1500
2023-02-18,xDp6skIevTJHjfU6oR5e,880
2023-02-06,UtOIjUhit47MCIIfgJsx,500
2023-02-16,U1zcqN6gsxzrNs2uvJlW,1400
2023-02-13,Ysw4FaJsjHu47pqhtjC4,800
2023-02-16,ehccoUoi2HhLGPBUS8Be,1000
2023-02-09,zqYd9D8JeScXnSVnDPlj,600
2023-02-09,orPFIfQw6XbLJiWhkPnp,4000
2023-02-12,7A6HBHrym3WrV3GoLKuR,750
2023-02-25,gse4FJD87KeUSQIq1z2a,1810
2023-02-20,JIVV1a7jsp8ErLJCwcz4,1690
2023-02-16,7x1VVzVYYVAnO87d0LZp,500
2023-02-08,agDXqKgF3oegrhbforTy,2200
2023-02-12,bLBq0Rtg46Aapk3mLhLc,1300
2023-02-18,GHk4axvMKgrvIhlCQcFZ,1500
2023-02-14,3JeYfO0DdzWaEuj7j1qY,2200
2023-02-12,vv9HFbsOiA5u3kud3Yqg,700
2023-02-07,fz87BQXbr36iAl2BodpW,1000
2023-02-15,3WT8iW4te6YDOYBBBdQ1,3300
2023-02-25,psPbRNkgOdalAMXMMJQt,750
2023-02-13,eL64Hc5P1D6uHc7al7HT,1500
2023-02-25,uWQu6BWeLkLXZzxmVLV9,1690
2023-02-22,bMheUyKlx3zUTZzUkHtb,2300
2023-02-22,WUq7s3BihlVK13Nw3k3i,1610
2023-02-13,o5WYopZ7ls4RKh3Qtvul,2400
2023-02-12,lsmd056b2JuZvLFEeC9Q,4000
2023-02-24,gFOc6QNc4nlJSxbsBZMP,4000
2023-02-11,cUc9fJ1piuQ8Jf7BwMv5,1090
2023-02-15,P0UoBgQmKxwpyZz7N09q,750
2023-02-08,B2BWlylTdDSTXsAQBV40,500
2023-02-13,LmwyEz54Bj50QN7CAn9y,600
2023-02-18,FArfTjuUyHAiRxL0ZW5i,3100
2023-02-07,jYW9a4tPmK7XKgTHUM7w,700
2023-02-13,wOdiEFeBtAMSq8bEXnEh,2400
2023-02-07,EhW73BmGjzQSbca526cY,1400
2023-02-11,KyVMmETVXBDzcc1ZAQN0,3300
2023-02-09,MuH1yknDVyp2H6o7TlNN,750
2023-02-16,MY2HGRIYZZXBtwO41ofW,1400
2023-02-12,y9dXsFOv3NDmx4Y9pYFf,1100
2023-02-13,IUDb6CipK8ILubLfbMjo,500
2023-02-13,CA9X3dTd8WpJKPV7EqdO,2200
2023-02-13,795uGSnrRj3Vubd2w8TY,2100
2023-02-08,f1g1Kpw7a4FNAbPVLSnj,3300
2023-02-07,8pMPtCa4q8l8leo8c8xX,1000
2023-02-24,QU7Mu1OnZwEXjzFLETUe,3560
2023-02-12,jaglv6IZnrzVdP9SRyuM,750
2023-02-20,0zbr17lY8hZzRiu5I370,2350
2023-02-07,78P0P0Uve9K2QQHpcymX,1500
2023-02-13,IHOfA8aMNtTTmjwAXy2g,2100
2023-02-12,67AOLsuEhgK56E4MpKK9,3500
2023-02-17,xHVddDFQoIUTnUXIXOhI,500
2023-02-12,mYfcygoGyAZTYkgZ4Rr9,3400
2023-02-12,J22gx1Gn7R4MSwNToQgc,500
2023-02-13,ARX8L2JKwh8zXrFDaEVc,500
2023-02-07,1CRl6XtI0OAavkJcxgmH,1400
2023-02-08,6sjkHfphNADGuCgRDH0P,600
2023-02-12,9jHlxN7wwyWlfmEdPKGn,1500
2023-02-08,okfz8k2yP008aWbUWr8u,1500
2023-02-10,gnNjjh5gS71DlrRUcTAj,1500
2023-02-13,ZMNHzcrVcTteG8yhx3Ox,500
2023-02-19,JEIOfLeYeD0HCIJcsZz4,1400
2023-02-14,v1ygyXP7fheiTdd49Qy4,600
2023-02-12,zAkMGSHGC5kw0iSLtBvr,3900
2023-02-13,s3mzA3GorKWi78wi73vd,3300
2023-02-11,1bSQ9ubVSa4EJJDjYP5p,900
2023-02-11,cEjG0BVM1nbAs3R8YDP1,2600
2023-02-08,DfXgxX4wgNoQdcH47TKE,500
2023-02-12,36OjmH8ItKFHToWVxsmZ,1600
2023-02-16,Al56s6YsAU2AFlkNPmbs,2300
2023-02-13,PKCvdYP6eCAQjZmo6Rlv,700
2023-02-09,t2k03BipXfqFoejYMUAp,1000
2023-02-13,FtrIgrmi5CFbWt2mJuAx,2200
2023-02-12,2iVAZ8gaVw31gqLe8YNN,4000
2023-02-13,9kPfaZwSd85LjodEf7Bv,750
2023-02-13,OadjTY73xn4IIp53uHAl,800
2023-02-09,VIuCvPeZU0VGZ2rFNJn1,2100
2023-02-12,iNyFfXeWaGYTYnnzGFSN,600
2023-02-12,zn19TfMIf1cqFLz7vOSh,1000
2023-02-12,c4PQORBsDddiHDPeKkTK,1400
2023-02-08,QwJ2xbCl6sBxmdXLMQT2,2200
2023-02-17,6qkGPNyES44El1SAPF6B,3000
2023-02-14,PBG8GmoUulmEZauMSJt7,500
2023-02-08,U0PsBVk7DHzxUvDdhzvz,3500
2023-02-07,jYNMgj34fpFlr39W2RFC,1400
2023-02-08,wcuI6ehHwMK50d9Uqq5K,1700
2023-02-08,f1wG33037fIH3X7Tutz6,2100
2023-02-07,aycX7MXS3qilFN2UD1Ex,500
2023-02-12,rZmNj9qzRwyiQfQXgwXe,600
2023-02-13,6QkstTNxMs4VUZKfgKU9,1400
2023-02-08,6gTWkuchja0zhFKnLfqL,4000
2023-02-21,4QsX6mTEnNswzlakrumT,1180
2023-02-15,0hC21WGLnrfnuoooVf8O,800
2023-02-12,OZHLU0s8190g1X4843Wl,2100
2023-02-12,qStoeVoWXK6HL7sXZEkw,1400
2023-02-08,roxhYrDQpKvMjX7WLQOl,4000
2023-02-19,mzaZNAHFCKw0SnMTk4pk,1250
2023-02-12,4py65DNrGGdoh6Jpt1fL,1400
2023-02-18,ADPWXWY2FybYtlTMRXOO,2100
2023-02-22,DfAcu0UNK30lTl1D9qLT,2100
2023-02-17,paL5pBAUQdzT9d0tPdgF,600
2023-02-12,G0qx2fbopdKqOd5OnSwv,2100
2023-02-23,Q0fF7JrvAJhm0I5U16B1,500
2023-02-21,YH9icN0ptKeyhSpYU1B5,500
2023-02-10,K7CwEaKoMptaK4RBoq3e,500
2023-02-01,OK6fGYYQF6Tm011EtzaS,1000
2023-02-15,dmAPi72nhUqQmN4SLc5e,2100
2023-02-08,Lg6vInwPz5zdAnjWIHL7,3300
2023-02-13,rvoJ87ULWvgaYlMkvLi3,800
2023-02-08,94RyWnIobVG27owcyiSn,2300
2023-02-14,kmvumszwiAIDjyx6lHAl,2500
2023-02-12,iPrYp8owK7Yqw4tz8cy3,1400
2023-02-09,wMeCVNXufLW1K4dxrrRU,700
2023-02-13,ruGCtlv72B9dDm2GJwew,1000
2023-02-18,ReZ5rjIzwOUn057rn2j4,2250
2023-02-12,W4uJ5BgRU5kMgrCXDSXB,1700
2023-02-20,jlPEi6TjEAdD8RYSKHfD,900
2023-02-12,gZNzJi0e0yvcTAkmDA5H,3100
2023-02-07,lkQk04Q7LTWlzH9YcDCP,4000
2023-02-20,0GmlEMFihOAOsL3TqxFo,3300
2023-02-15,MgbJyfGpShtF2X5tOklK,500
2023-02-15,t6dljCGK8FTxghwkvef3,1300
2023-02-13,951rxM1u8qa1A4HvGs9I,2100
2023-02-15,URSlXPJ3QvC8JYCKp4bN,1000
2023-02-27,Z7Tg9xN3NZjLMY4lNZxw,1800
2023-02-16,8ceIUt6kuAydm4zCCeCv,2300
2023-02-13,NBcoDNwKc4ILCgw3FWyX,800
2023-02-24,TEtdE4H7Wb67NSesvebc,1310
2023-02-17,YOJf4TM9T4TcFM3e58Cs,3250
2023-02-10,cWxLIu8HISOt0U1KFUpj,1150
2023-02-14,opIiZEOFNTxD42ZLE8UR,750
2023-02-13,6N7PlP2tZ9tQiiX7OeQS,500
2023-02-15,5i0gmrhev0nLPYcBViTS,1630
2023-02-21,v9ZKOw0h4qVB7zyJCyoD,2160
2023-02-10,V2Qat39voMUP0u6bmSBL,3300
2023-02-12,UyFwTE4pXfVSron7GTIA,600
2023-02-22,8MyowG4l0SjrXg67A70t,200
2023-02-08,ar7L9s4zl0iTm0Ecm7gM,2200
2023-02-08,M3rJzsxa9rGt6VwfVQob,2100
2023-02-19,RWjgFYsTqPTJfjgeK7Km,1400
2023-02-20,RPcC4zX42TIEexVfWe2s,940
2023-02-08,Pwqz8k7CdKT1nv7NeFzu,1500
2023-02-09,Ehuxu5LySX6ntOWWjmXF,4000
2023-02-12,Yj2aXhSyvA1gfmXMm4Sm,2100
2023-02-15,z8Y4cm61sLfemjAc4uoo,2100
2023-02-08,FpKaPLxtNsWaf3YOP71b,1300
2023-02-24,s1jL8JIk7yU23qpwvI0e,810
2023-02-15,SxuEaqGxH2Sf8dBUlomV,900
2023-02-12,ZCRELnnpXzmURVvYOeGJ,1400
2023-02-12,S47jNUaqRkNAf9bM8l4h,2100
2023-02-12,3wIwe1Klfv6pRytjsuXu,1340
2023-02-12,heVtcFP8PoV3YrnhGIlb,2400
2023-02-13,hix3vWy3nglZDvOsBd98,1400
2023-02-15,hSZn1noQhq6SKE1CErT7,500
2023-02-10,pyoCuBx16kBZ6Q9JHWSl,500
2023-02-08,dgsAFiFo8TxDkiIr0n2w,3300
2023-02-08,ph2Lu8pH3yIZdZwzSwHq,500
2023-02-26,YghZ3brm3LGqkz3LdX9Q,2490
2023-02-14,FurPi4m1tKoMxwzofWLG,500
2023-02-17,O2F5G2YckII4NmNZuDU8,800
2023-02-12,WgxRJC9wIY0zsN6BXfu4,500
2023-02-26,FiCB6ATdu2EzWIaETqSQ,1400
2023-02-23,t5AAcLvpfOL86dPtFQqh,2200
2023-02-13,V3Cv9sckaR1zvQRixVEr,1400